organization_name,contact_name,lane,distance_miles,email,phone,website,role_target,source,verification_flag,custom_message_draft,maya_suggestion,brian_suggestion,contact_name_source,contact_name_confidence,Fit
Muslim Center Junior High School,,School,1.05,mces786@gmail.com,+1-718-460-2127,https://www.muslimcenterschool.org/,School Social Worker,OpenStreetMap (Overpass),syntax+dns+mx_pass,"Hello Muslim Center Junior High School Team,\n\nI hope you are doing well. My name is Maya, and I support outreach and partnerships for Open Goal Soccer.\n\nI’m reaching out to share a community program that may be a helpful referral option for families you support.\n\nOpen Goal Soccer provides structured, low-pressure soccer sessions for neurodivergent youth, including autistic children. Our focus is movement confidence, social participation, and consistency in a supportive environment.\n\nOpen Goal Soccer is a proven OPWDD support provider, delivering structured, family-centered programming for neurodivergent youth.\n\nLike your school community, we support the whole child and partner with families in meaningful, practical ways. Our program gives families a safe, welcoming community setting where kids can build confidence, connection, and routine.\n\nTo help families get started, we currently offer promo code WELCOME10 at registration.\n\nOpen Goal Soccer is a community-based participation program. We are not a clinical diagnosis or medical treatment provider.\n\nIf helpful, families can learn more at https://www.opengoalsoccer.com/ or contact us directly at ops@opengoalsoccer.com.\n\nThank you for supporting children and families in your community.\n\nBest,\nMaya\nOpen Goal Soccer",,,unresolved_no_reliable_person_name_found,,Fit
ACE Institute of Technology,,School,2.62,yadhiritarodriguez01@gmail.com,+1-347-806-3919,https://www.acecareer.edu,School Social Worker,OpenStreetMap (Overpass),syntax+dns+mx_pass,"Hello ACE Institute of Technology Team,\n\nI hope you are doing well. My name is Maya, and I support outreach and partnerships for Open Goal Soccer.\n\nI’m reaching out to share a community program that may be a helpful referral option for families you support.\n\nOpen Goal Soccer provides structured, low-pressure soccer sessions for neurodivergent youth, including autistic children. Our focus is movement confidence, social participation, and consistency in a supportive environment.\n\nOpen Goal Soccer is a proven OPWDD support provider, delivering structured, family-centered programming for neurodivergent youth.\n\nLike your school community, we support the whole child and partner with families in meaningful, practical ways. Our program gives families a safe, welcoming community setting where kids can build confidence, connection, and routine.\n\nTo help families get started, we currently offer promo code WELCOME10 at registration.\n\nOpen Goal Soccer is a community-based participation program. We are not a clinical diagnosis or medical treatment provider.\n\nIf helpful, families can learn more at https://www.opengoalsoccer.com/ or contact us directly at ops@opengoalsoccer.com.\n\nThank you for supporting children and families in your community.\n\nBest,\nMaya\nOpen Goal Soccer",,,unresolved_no_reliable_person_name_found,,Fit
The Summit School,,School,3.88,info@summitqueens.com,+1-718-264-2931,https://www.summitqueens.com,School Social Worker,OpenStreetMap (Overpass),syntax+dns+mx_pass,"Hello The Summit School Team,\n\nI hope you are doing well. My name is Maya, and I support outreach and partnerships for Open Goal Soccer.\n\nI’m reaching out to share a community program that may be a helpful referral option for families you support.\n\nOpen Goal Soccer provides structured, low-pressure soccer sessions for neurodivergent youth, including autistic children. Our focus is movement confidence, social participation, and consistency in a supportive environment.\n\nOpen Goal Soccer is a proven OPWDD support provider, delivering structured, family-centered programming for neurodivergent youth.\n\nLike your school community, we support the whole child and partner with families in meaningful, practical ways. Our program gives families a safe, welcoming community setting where kids can build confidence, connection, and routine.\n\nTo help families get started, we currently offer promo code WELCOME10 at registration.\n\nOpen Goal Soccer is a community-based participation program. We are not a clinical diagnosis or medical treatment provider.\n\nIf helpful, families can learn more at https://www.opengoalsoccer.com/ or contact us directly at ops@opengoalsoccer.com.\n\nThank you for supporting children and families in your community.\n\nBest,\nMaya\nOpen Goal Soccer",,,unresolved_no_reliable_person_name_found,,Fit
Public School 41,,School,3.9,jferrara3@schools.nyc.gov,+1-718-423-8333,https://www.ps41q.com/,School Social Worker,OpenStreetMap (Overpass),syntax+dns+mx_pass,"Hello Public School 41 Team,\n\nI hope you are doing well. My name is Maya, and I support outreach and partnerships for Open Goal Soccer.\n\nI’m reaching out to share a community program that may be a helpful referral option for families you support.\n\nOpen Goal Soccer provides structured, low-pressure soccer sessions for neurodivergent youth, including autistic children. Our focus is movement confidence, social participation, and consistency in a supportive environment.\n\nOpen Goal Soccer is a proven OPWDD support provider, delivering structured, family-centered programming for neurodivergent youth.\n\nLike your school community, we support the whole child and partner with families in meaningful, practical ways. Our program gives families a safe, welcoming community setting where kids can build confidence, connection, and routine.\n\nTo help families get started, we currently offer promo code WELCOME10 at registration.\n\nOpen Goal Soccer is a community-based participation program. We are not a clinical diagnosis or medical treatment provider.\n\nIf helpful, families can learn more at https://www.opengoalsoccer.com/ or contact us directly at ops@opengoalsoccer.com.\n\nThank you for supporting children and families in your community.\n\nBest,\nMaya\nOpen Goal Soccer",,,unresolved_no_reliable_person_name_found,,Fit
Public School 305 Learners and Leaders,,School,4.89,parentcoordinator305@schools.nyc.gov,+1-718-366-1061,https://www.ps305.com/,School Social Worker,OpenStreetMap (Overpass),syntax+dns+mx_pass,"Hello Public School 305 Learners and Leaders Team,\n\nI hope you are doing well. My name is Maya, and I support outreach and partnerships for Open Goal Soccer.\n\nI’m reaching out to share a community program that may be a helpful referral option for families you support.\n\nOpen Goal Soccer provides structured, low-pressure soccer sessions for neurodivergent youth, including autistic children. Our focus is movement confidence, social participation, and consistency in a supportive environment.\n\nOpen Goal Soccer is a proven OPWDD support provider, delivering structured, family-centered programming for neurodivergent youth.\n\nLike your school community, we support the whole child and partner with families in meaningful, practical ways. Our program gives families a safe, welcoming community setting where kids can build confidence, connection, and routine.\n\nTo help families get started, we currently offer promo code WELCOME10 at registration.\n\nOpen Goal Soccer is a community-based participation program. We are not a clinical diagnosis or medical treatment provider.\n\nIf helpful, families can learn more at https://www.opengoalsoccer.com/ or contact us directly at ops@opengoalsoccer.com.\n\nThank you for supporting children and families in your community.\n\nBest,\nMaya\nOpen Goal Soccer",,,unresolved_no_reliable_person_name_found,,Fit
South Bronx Classical I,,School,5.73,ops1@classicalcharterschools.org,+1 718 860-4340,https://classicalcharterschools.org,School Social Worker,OpenStreetMap (Overpass),syntax+dns+mx_pass,"Hello South Bronx Classical I Team,\n\nI hope you are doing well. My name is Maya, and I support outreach and partnerships for Open Goal Soccer.\n\nI’m reaching out to share a community program that may be a helpful referral option for families you support.\n\nOpen Goal Soccer provides structured, low-pressure soccer sessions for neurodivergent youth, including autistic children. Our focus is movement confidence, social participation, and consistency in a supportive environment.\n\nOpen Goal Soccer is a proven OPWDD support provider, delivering structured, family-centered programming for neurodivergent youth.\n\nLike your school community, we support the whole child and partner with families in meaningful, practical ways. Our program gives families a safe, welcoming community setting where kids can build confidence, connection, and routine.\n\nTo help families get started, we currently offer promo code WELCOME10 at registration.\n\nOpen Goal Soccer is a community-based participation program. We are not a clinical diagnosis or medical treatment provider.\n\nIf helpful, families can learn more at https://www.opengoalsoccer.com/ or contact us directly at ops@opengoalsoccer.com.\n\nThank you for supporting children and families in your community.\n\nBest,\nMaya\nOpen Goal Soccer",,,unresolved_no_reliable_person_name_found,,Fit
NY Kids Club,,School,5.93,nykidsclub94@nykidsclub.com,+1 917-924-8288,https://nykidsclub.com/NYC-Kids-Club/location/e-94th-street,School Social Worker,OpenStreetMap (Overpass),syntax+dns+mx_pass,"Hello NY Kids Club Team,\n\nI hope you are doing well. My name is Maya, and I support outreach and partnerships for Open Goal Soccer.\n\nI’m reaching out to share a community program that may be a helpful referral option for families you support.\n\nOpen Goal Soccer provides structured, low-pressure soccer sessions for neurodivergent youth, including autistic children. Our focus is movement confidence, social participation, and consistency in a supportive environment.\n\nOpen Goal Soccer is a proven OPWDD support provider, delivering structured, family-centered programming for neurodivergent youth.\n\nLike your school community, we support the whole child and partner with families in meaningful, practical ways. Our program gives families a safe, welcoming community setting where kids can build confidence, connection, and routine.\n\nTo help families get started, we currently offer promo code WELCOME10 at registration.\n\nOpen Goal Soccer is a community-based participation program. We are not a clinical diagnosis or medical treatment provider.\n\nIf helpful, families can learn more at https://www.opengoalsoccer.com/ or contact us directly at ops@opengoalsoccer.com.\n\nThank you for supporting children and families in your community.\n\nBest,\nMaya\nOpen Goal Soccer",,,unresolved_no_reliable_person_name_found,,Fit
Democracy Prep Public Schools,,School,6.09,hpes_info@democracyprep.org,+1 212-876-9953,http://hpes.democracyprep.org/,School Social Worker,OpenStreetMap (Overpass),syntax+dns+mx_pass,"Hello Democracy Prep Public Schools Team,\n\nI hope you are doing well. My name is Maya, and I support outreach and partnerships for Open Goal Soccer.\n\nI’m reaching out to share a community program that may be a helpful referral option for families you support.\n\nOpen Goal Soccer provides structured, low-pressure soccer sessions for neurodivergent youth, including autistic children. Our focus is movement confidence, social participation, and consistency in a supportive environment.\n\nOpen Goal Soccer is a proven OPWDD support provider, delivering structured, family-centered programming for neurodivergent youth.\n\nLike your school community, we support the whole child and partner with families in meaningful, practical ways. Our program gives families a safe, welcoming community setting where kids can build confidence, connection, and routine.\n\nTo help families get started, we currently offer promo code WELCOME10 at registration.\n\nOpen Goal Soccer is a community-based participation program. We are not a clinical diagnosis or medical treatment provider.\n\nIf helpful, families can learn more at https://www.opengoalsoccer.com/ or contact us directly at ops@opengoalsoccer.com.\n\nThank you for supporting children and families in your community.\n\nBest,\nMaya\nOpen Goal Soccer",,,unresolved_no_reliable_person_name_found,,Fit
Arc En Ciel,,School,6.21,director@arcencielny.com,+1 212-410-0180,https://www.arcencielny.com,School Social Worker,OpenStreetMap (Overpass),syntax+dns+mx_pass,"Hello Arc En Ciel Team,\n\nI hope you are doing well. My name is Maya, and I support outreach and partnerships for Open Goal Soccer.\n\nI’m reaching out to share a community program that may be a helpful referral option for families you support.\n\nOpen Goal Soccer provides structured, low-pressure soccer sessions for neurodivergent youth, including autistic children. Our focus is movement confidence, social participation, and consistency in a supportive environment.\n\nOpen Goal Soccer is a proven OPWDD support provider, delivering structured, family-centered programming for neurodivergent youth.\n\nLike your school community, we support the whole child and partner with families in meaningful, practical ways. Our program gives families a safe, welcoming community setting where kids can build confidence, connection, and routine.\n\nTo help families get started, we currently offer promo code WELCOME10 at registration.\n\nOpen Goal Soccer is a community-based participation program. We are not a clinical diagnosis or medical treatment provider.\n\nIf helpful, families can learn more at https://www.opengoalsoccer.com/ or contact us directly at ops@opengoalsoccer.com.\n\nThank you for supporting children and families in your community.\n\nBest,\nMaya\nOpen Goal Soccer",,,unresolved_no_reliable_person_name_found,,Fit
La Scuola d'Italia Guglielmo Marconi,,School,6.51,admissions@lascuoladitalia.org,+1 212-369-3290,https://lascuoladitalia.org,School Social Worker,OpenStreetMap (Overpass),syntax+dns+mx_pass,"Hello La Scuola d'Italia Guglielmo Marconi Team,\n\nI hope you are doing well. My name is Maya, and I support outreach and partnerships for Open Goal Soccer.\n\nI’m reaching out to share a community program that may be a helpful referral option for families you support.\n\nOpen Goal Soccer provides structured, low-pressure soccer sessions for neurodivergent youth, including autistic children. Our focus is movement confidence, social participation, and consistency in a supportive environment.\n\nOpen Goal Soccer is a proven OPWDD support provider, delivering structured, family-centered programming for neurodivergent youth.\n\nLike your school community, we support the whole child and partner with families in meaningful, practical ways. Our program gives families a safe, welcoming community setting where kids can build confidence, connection, and routine.\n\nTo help families get started, we currently offer promo code WELCOME10 at registration.\n\nOpen Goal Soccer is a community-based participation program. We are not a clinical diagnosis or medical treatment provider.\n\nIf helpful, families can learn more at https://www.opengoalsoccer.com/ or contact us directly at ops@opengoalsoccer.com.\n\nThank you for supporting children and families in your community.\n\nBest,\nMaya\nOpen Goal Soccer",,,unresolved_no_reliable_person_name_found,,Fit
Ramaz Upper School,,School,6.57,us@ramaz.org,+1 212-774-8070,https://www.ramaz.org/,School Social Worker,OpenStreetMap (Overpass),syntax+dns+mx_pass,"Hello Ramaz Upper School Team,\n\nI hope you are doing well. My name is Maya, and I support outreach and partnerships for Open Goal Soccer.\n\nI’m reaching out to share a community program that may be a helpful referral option for families you support.\n\nOpen Goal Soccer provides structured, low-pressure soccer sessions for neurodivergent youth, including autistic children. Our focus is movement confidence, social participation, and consistency in a supportive environment.\n\nOpen Goal Soccer is a proven OPWDD support provider, delivering structured, family-centered programming for neurodivergent youth.\n\nLike your school community, we support the whole child and partner with families in meaningful, practical ways. Our program gives families a safe, welcoming community setting where kids can build confidence, connection, and routine.\n\nTo help families get started, we currently offer promo code WELCOME10 at registration.\n\nOpen Goal Soccer is a community-based participation program. We are not a clinical diagnosis or medical treatment provider.\n\nIf helpful, families can learn more at https://www.opengoalsoccer.com/ or contact us directly at ops@opengoalsoccer.com.\n\nThank you for supporting children and families in your community.\n\nBest,\nMaya\nOpen Goal Soccer",,,unresolved_no_reliable_person_name_found,,Fit
Park West Montessori School,Maria Montessori,School,7.09,pwadmissions@twinparks.org,+1 212-678-6072,https://www.twinparks.org,School Social Worker,OpenStreetMap (Overpass),syntax+dns+mx_pass,"Hello Maria Montessori,\n\nI hope you are doing well. My name is Maya, and I support outreach and partnerships for Open Goal Soccer.\n\nI’m reaching out to share a community program that may be a helpful referral option for families you support.\n\nOpen Goal Soccer provides structured, low-pressure soccer sessions for neurodivergent youth, including autistic children. Our focus is movement confidence, social participation, and consistency in a supportive environment.\n\nOpen Goal Soccer is a proven OPWDD support provider, delivering structured, family-centered programming for neurodivergent youth.\n\nLike your school community, we support the whole child and partner with families in meaningful, practical ways. Our program gives families a safe, welcoming community setting where kids can build confidence, connection, and routine.\n\nTo help families get started, we currently offer promo code WELCOME10 at registration.\n\nOpen Goal Soccer is a community-based participation program. We are not a clinical diagnosis or medical treatment provider.\n\nIf helpful, families can learn more at https://www.opengoalsoccer.com/ or contact us directly at ops@opengoalsoccer.com.\n\nThank you for supporting children and families in your community.\n\nBest,\nMaya\nOpen Goal Soccer",,,https://www.twinparks.org/;https://www.twinparks.org/about-montessori | Dr. Maria Montessori,high,Fit
Mount Moriah Christian Academy,,School,7.28,mmca_admissions@mtmoriahchristianacademy.com,+1-718-953-4364,https://www.mtmoriahchristianacademy.com/,School Social Worker,OpenStreetMap (Overpass),syntax+dns+mx_pass,"Hello Mount Moriah Christian Academy Team,\n\nI hope you are doing well. My name is Maya, and I support outreach and partnerships for Open Goal Soccer.\n\nI’m reaching out to share a community program that may be a helpful referral option for families you support.\n\nOpen Goal Soccer provides structured, low-pressure soccer sessions for neurodivergent youth, including autistic children. Our focus is movement confidence, social participation, and consistency in a supportive environment.\n\nOpen Goal Soccer is a proven OPWDD support provider, delivering structured, family-centered programming for neurodivergent youth.\n\nLike your school community, we support the whole child and partner with families in meaningful, practical ways. Our program gives families a safe, welcoming community setting where kids can build confidence, connection, and routine.\n\nTo help families get started, we currently offer promo code WELCOME10 at registration.\n\nOpen Goal Soccer is a community-based participation program. We are not a clinical diagnosis or medical treatment provider.\n\nIf helpful, families can learn more at https://www.opengoalsoccer.com/ or contact us directly at ops@opengoalsoccer.com.\n\nThank you for supporting children and families in your community.\n\nBest,\nMaya\nOpen Goal Soccer",,,unresolved_no_reliable_person_name_found,,Fit
Northeastern Adventist Academy Queens Campus,,School,7.34,info@lsdaschool.org,+1-718-554-0734,https://lsdaschool.org,School Social Worker,OpenStreetMap (Overpass),syntax+dns+mx_pass,"Hello Northeastern Adventist Academy Queens Campus Team,\n\nI hope you are doing well. My name is Maya, and I support outreach and partnerships for Open Goal Soccer.\n\nI’m reaching out to share a community program that may be a helpful referral option for families you support.\n\nOpen Goal Soccer provides structured, low-pressure soccer sessions for neurodivergent youth, including autistic children. Our focus is movement confidence, social participation, and consistency in a supportive environment.\n\nOpen Goal Soccer is a proven OPWDD support provider, delivering structured, family-centered programming for neurodivergent youth.\n\nLike your school community, we support the whole child and partner with families in meaningful, practical ways. Our program gives families a safe, welcoming community setting where kids can build confidence, connection, and routine.\n\nTo help families get started, we currently offer promo code WELCOME10 at registration.\n\nOpen Goal Soccer is a community-based participation program. We are not a clinical diagnosis or medical treatment provider.\n\nIf helpful, families can learn more at https://www.opengoalsoccer.com/ or contact us directly at ops@opengoalsoccer.com.\n\nThank you for supporting children and families in your community.\n\nBest,\nMaya\nOpen Goal Soccer",,,unresolved_no_reliable_person_name_found,,Fit
Robert Louis Stevenson School,,School,7.35,admissions@stevenson-school.org,+1-212-787-6400,https://www.stevenson-school.org/,School Social Worker,OpenStreetMap (Overpass),syntax+dns+mx_pass,"Hello Robert Louis Stevenson School Team,\n\nI hope you are doing well. My name is Maya, and I support outreach and partnerships for Open Goal Soccer.\n\nI’m reaching out to share a community program that may be a helpful referral option for families you support.\n\nOpen Goal Soccer provides structured, low-pressure soccer sessions for neurodivergent youth, including autistic children. Our focus is movement confidence, social participation, and consistency in a supportive environment.\n\nOpen Goal Soccer is a proven OPWDD support provider, delivering structured, family-centered programming for neurodivergent youth.\n\nLike your school community, we support the whole child and partner with families in meaningful, practical ways. Our program gives families a safe, welcoming community setting where kids can build confidence, connection, and routine.\n\nTo help families get started, we currently offer promo code WELCOME10 at registration.\n\nOpen Goal Soccer is a community-based participation program. We are not a clinical diagnosis or medical treatment provider.\n\nIf helpful, families can learn more at https://www.opengoalsoccer.com/ or contact us directly at ops@opengoalsoccer.com.\n\nThank you for supporting children and families in your community.\n\nBest,\nMaya\nOpen Goal Soccer",,,unresolved_no_reliable_person_name_found,,Fit
Success Academy,,School,7.41,SAUW.MainOffice@saschools.org,+1-646-274-1580,https://www.successacademies.org/school/upper-west/,School Social Worker,OpenStreetMap (Overpass),syntax+dns+mx_pass,"Hello Success Academy Team,\n\nI hope you are doing well. My name is Maya, and I support outreach and partnerships for Open Goal Soccer.\n\nI’m reaching out to share a community program that may be a helpful referral option for families you support.\n\nOpen Goal Soccer provides structured, low-pressure soccer sessions for neurodivergent youth, including autistic children. Our focus is movement confidence, social participation, and consistency in a supportive environment.\n\nOpen Goal Soccer is a proven OPWDD support provider, delivering structured, family-centered programming for neurodivergent youth.\n\nLike your school community, we support the whole child and partner with families in meaningful, practical ways. Our program gives families a safe, welcoming community setting where kids can build confidence, connection, and routine.\n\nTo help families get started, we currently offer promo code WELCOME10 at registration.\n\nOpen Goal Soccer is a community-based participation program. We are not a clinical diagnosis or medical treatment provider.\n\nIf helpful, families can learn more at https://www.opengoalsoccer.com/ or contact us directly at ops@opengoalsoccer.com.\n\nThank you for supporting children and families in your community.\n\nBest,\nMaya\nOpen Goal Soccer",,,unresolved_no_reliable_person_name_found,,Fit
Monclare Children's School,,School,7.42,info@montclareschool.org,+1 212-865-4020,https://www.montclareschool.org/,School Social Worker,OpenStreetMap (Overpass),syntax+dns+mx_pass,"Hello Monclare Children's School Team,\n\nI hope you are doing well. My name is Maya, and I support outreach and partnerships for Open Goal Soccer.\n\nI’m reaching out to share a community program that may be a helpful referral option for families you support.\n\nOpen Goal Soccer provides structured, low-pressure soccer sessions for neurodivergent youth, including autistic children. Our focus is movement confidence, social participation, and consistency in a supportive environment.\n\nOpen Goal Soccer is a proven OPWDD support provider, delivering structured, family-centered programming for neurodivergent youth.\n\nLike your school community, we support the whole child and partner with families in meaningful, practical ways. Our program gives families a safe, welcoming community setting where kids can build confidence, connection, and routine.\n\nTo help families get started, we currently offer promo code WELCOME10 at registration.\n\nOpen Goal Soccer is a community-based participation program. We are not a clinical diagnosis or medical treatment provider.\n\nIf helpful, families can learn more at https://www.opengoalsoccer.com/ or contact us directly at ops@opengoalsoccer.com.\n\nThank you for supporting children and families in your community.\n\nBest,\nMaya\nOpen Goal Soccer",,,unresolved_no_reliable_person_name_found,,Fit
American Buddhist Study Center,,School,7.66,info@ambuddhist.org,+1-212-864-7424,https://www.ambuddhist.org,School Social Worker,OpenStreetMap (Overpass),syntax+dns+mx_pass,"Hello American Buddhist Study Center Team,\n\nI hope you are doing well. My name is Maya, and I support outreach and partnerships for Open Goal Soccer.\n\nI’m reaching out to share a community program that may be a helpful referral option for families you support.\n\nOpen Goal Soccer provides structured, low-pressure soccer sessions for neurodivergent youth, including autistic children. Our focus is movement confidence, social participation, and consistency in a supportive environment.\n\nOpen Goal Soccer is a proven OPWDD support provider, delivering structured, family-centered programming for neurodivergent youth.\n\nLike your school community, we support the whole child and partner with families in meaningful, practical ways. Our program gives families a safe, welcoming community setting where kids can build confidence, connection, and routine.\n\nTo help families get started, we currently offer promo code WELCOME10 at registration.\n\nOpen Goal Soccer is a community-based participation program. We are not a clinical diagnosis or medical treatment provider.\n\nIf helpful, families can learn more at https://www.opengoalsoccer.com/ or contact us directly at ops@opengoalsoccer.com.\n\nThank you for supporting children and families in your community.\n\nBest,\nMaya\nOpen Goal Soccer",,,unresolved_no_reliable_person_name_found,,Fit
The Brooklyn Waldorf School,,School,7.66,info@brooklynwaldorf.org,+1-718-783-3270,,School Social Worker,OpenStreetMap (Overpass),syntax+dns+mx_pass,"Hello The Brooklyn Waldorf School Team,\n\nI hope you are doing well. My name is Maya, and I support outreach and partnerships for Open Goal Soccer.\n\nI’m reaching out to share a community program that may be a helpful referral option for families you support.\n\nOpen Goal Soccer provides structured, low-pressure soccer sessions for neurodivergent youth, including autistic children. Our focus is movement confidence, social participation, and consistency in a supportive environment.\n\nOpen Goal Soccer is a proven OPWDD support provider, delivering structured, family-centered programming for neurodivergent youth.\n\nLike your school community, we support the whole child and partner with families in meaningful, practical ways. Our program gives families a safe, welcoming community setting where kids can build confidence, connection, and routine.\n\nTo help families get started, we currently offer promo code WELCOME10 at registration.\n\nOpen Goal Soccer is a community-based participation program. We are not a clinical diagnosis or medical treatment provider.\n\nIf helpful, families can learn more at https://www.opengoalsoccer.com/ or contact us directly at ops@opengoalsoccer.com.\n\nThank you for supporting children and families in your community.\n\nBest,\nMaya\nOpen Goal Soccer",,,unresolved_no_reliable_person_name_found,,Fit
Cooke School and Institute Lower School,,School,7.69,schooladmin@cookeschool.org,+1-646-273-5555,https://cookeschool.org/,School Social Worker,OpenStreetMap (Overpass),syntax+dns+mx_pass,"Hello Cooke School and Institute Lower School Team,\n\nI hope you are doing well. My name is Maya, and I support outreach and partnerships for Open Goal Soccer.\n\nI’m reaching out to share a community program that may be a helpful referral option for families you support.\n\nOpen Goal Soccer provides structured, low-pressure soccer sessions for neurodivergent youth, including autistic children. Our focus is movement confidence, social participation, and consistency in a supportive environment.\n\nOpen Goal Soccer is a proven OPWDD support provider, delivering structured, family-centered programming for neurodivergent youth.\n\nLike your school community, we support the whole child and partner with families in meaningful, practical ways. Our program gives families a safe, welcoming community setting where kids can build confidence, connection, and routine.\n\nTo help families get started, we currently offer promo code WELCOME10 at registration.\n\nOpen Goal Soccer is a community-based participation program. We are not a clinical diagnosis or medical treatment provider.\n\nIf helpful, families can learn more at https://www.opengoalsoccer.com/ or contact us directly at ops@opengoalsoccer.com.\n\nThank you for supporting children and families in your community.\n\nBest,\nMaya\nOpen Goal Soccer",,,unresolved_no_reliable_person_name_found,,Fit
Kanut,,School,7.74,info@kamitprep.com,+1-347-796-1978,https://kamitprep.com/,School Social Worker,OpenStreetMap (Overpass),syntax+dns+mx_pass,"Hello Kanut Team,\n\nI hope you are doing well. My name is Maya, and I support outreach and partnerships for Open Goal Soccer.\n\nI’m reaching out to share a community program that may be a helpful referral option for families you support.\n\nOpen Goal Soccer provides structured, low-pressure soccer sessions for neurodivergent youth, including autistic children. Our focus is movement confidence, social participation, and consistency in a supportive environment.\n\nOpen Goal Soccer is a proven OPWDD support provider, delivering structured, family-centered programming for neurodivergent youth.\n\nLike your school community, we support the whole child and partner with families in meaningful, practical ways. Our program gives families a safe, welcoming community setting where kids can build confidence, connection, and routine.\n\nTo help families get started, we currently offer promo code WELCOME10 at registration.\n\nOpen Goal Soccer is a community-based participation program. We are not a clinical diagnosis or medical treatment provider.\n\nIf helpful, families can learn more at https://www.opengoalsoccer.com/ or contact us directly at ops@opengoalsoccer.com.\n\nThank you for supporting children and families in your community.\n\nBest,\nMaya\nOpen Goal Soccer",,,unresolved_no_reliable_person_name_found,,Fit
Lower East Side Preparatory High School,,School,7.88,ranaya@schools.nyc.gov,+1 212 505 6366,https://lespnyc.com,School Social Worker,OpenStreetMap (Overpass),syntax+dns+mx_pass,"Hello Lower East Side Preparatory High School Team,\n\nI hope you are doing well. My name is Maya, and I support outreach and partnerships for Open Goal Soccer.\n\nI’m reaching out to share a community program that may be a helpful referral option for families you support.\n\nOpen Goal Soccer provides structured, low-pressure soccer sessions for neurodivergent youth, including autistic children. Our focus is movement confidence, social participation, and consistency in a supportive environment.\n\nOpen Goal Soccer is a proven OPWDD support provider, delivering structured, family-centered programming for neurodivergent youth.\n\nLike your school community, we support the whole child and partner with families in meaningful, practical ways. Our program gives families a safe, welcoming community setting where kids can build confidence, connection, and routine.\n\nTo help families get started, we currently offer promo code WELCOME10 at registration.\n\nOpen Goal Soccer is a community-based participation program. We are not a clinical diagnosis or medical treatment provider.\n\nIf helpful, families can learn more at https://www.opengoalsoccer.com/ or contact us directly at ops@opengoalsoccer.com.\n\nThank you for supporting children and families in your community.\n\nBest,\nMaya\nOpen Goal Soccer",,,unresolved_no_reliable_person_name_found,,Fit
International Wine Center (IWC),,School,7.96,Info@internationalwinecenter.com,+1 212-239-3055,https://internationalwinecenter.com/,School Social Worker,OpenStreetMap (Overpass),syntax+dns+mx_pass,"Hello International Wine Center (IWC) Team,\n\nI hope you are doing well. My name is Maya, and I support outreach and partnerships for Open Goal Soccer.\n\nI’m reaching out to share a community program that may be a helpful referral option for families you support.\n\nOpen Goal Soccer provides structured, low-pressure soccer sessions for neurodivergent youth, including autistic children. Our focus is movement confidence, social participation, and consistency in a supportive environment.\n\nOpen Goal Soccer is a proven OPWDD support provider, delivering structured, family-centered programming for neurodivergent youth.\n\nLike your school community, we support the whole child and partner with families in meaningful, practical ways. Our program gives families a safe, welcoming community setting where kids can build confidence, connection, and routine.\n\nTo help families get started, we currently offer promo code WELCOME10 at registration.\n\nOpen Goal Soccer is a community-based participation program. We are not a clinical diagnosis or medical treatment provider.\n\nIf helpful, families can learn more at https://www.opengoalsoccer.com/ or contact us directly at ops@opengoalsoccer.com.\n\nThank you for supporting children and families in your community.\n\nBest,\nMaya\nOpen Goal Soccer",,,unresolved_no_reliable_person_name_found,,Fit
The Marxist Education Project,,School,8.74,info@marxedproject.org,,https://marxedproject.org/,School Social Worker,OpenStreetMap (Overpass),syntax+dns+mx_pass,"Hello The Marxist Education Project Team,\n\nI hope you are doing well. My name is Maya, and I support outreach and partnerships for Open Goal Soccer.\n\nI’m reaching out to share a community program that may be a helpful referral option for families you support.\n\nOpen Goal Soccer provides structured, low-pressure soccer sessions for neurodivergent youth, including autistic children. Our focus is movement confidence, social participation, and consistency in a supportive environment.\n\nOpen Goal Soccer is a proven OPWDD support provider, delivering structured, family-centered programming for neurodivergent youth.\n\nLike your school community, we support the whole child and partner with families in meaningful, practical ways. Our program gives families a safe, welcoming community setting where kids can build confidence, connection, and routine.\n\nTo help families get started, we currently offer promo code WELCOME10 at registration.\n\nOpen Goal Soccer is a community-based participation program. We are not a clinical diagnosis or medical treatment provider.\n\nIf helpful, families can learn more at https://www.opengoalsoccer.com/ or contact us directly at ops@opengoalsoccer.com.\n\nThank you for supporting children and families in your community.\n\nBest,\nMaya\nOpen Goal Soccer",,,unresolved_no_reliable_person_name_found,,Fit
School for Poetic Computation,,School,8.88,info@sfpc.io,,http://sfpc.io,School Social Worker,OpenStreetMap (Overpass),syntax+dns+mx_pass,"Hello School for Poetic Computation Team,\n\nI hope you are doing well. My name is Maya, and I support outreach and partnerships for Open Goal Soccer.\n\nI’m reaching out to share a community program that may be a helpful referral option for families you support.\n\nOpen Goal Soccer provides structured, low-pressure soccer sessions for neurodivergent youth, including autistic children. Our focus is movement confidence, social participation, and consistency in a supportive environment.\n\nOpen Goal Soccer is a proven OPWDD support provider, delivering structured, family-centered programming for neurodivergent youth.\n\nLike your school community, we support the whole child and partner with families in meaningful, practical ways. Our program gives families a safe, welcoming community setting where kids can build confidence, connection, and routine.\n\nTo help families get started, we currently offer promo code WELCOME10 at registration.\n\nOpen Goal Soccer is a community-based participation program. We are not a clinical diagnosis or medical treatment provider.\n\nIf helpful, families can learn more at https://www.opengoalsoccer.com/ or contact us directly at ops@opengoalsoccer.com.\n\nThank you for supporting children and families in your community.\n\nBest,\nMaya\nOpen Goal Soccer",,,unresolved_no_reliable_person_name_found,,Fit
Success Academy East Flatbush Middle School,,School,9.38,SAEFMS.MainOffice@saschools.org,+1-718-395-6345,https://www.successacademies.org/school/east-flatbush-middle-school/,School Social Worker,OpenStreetMap (Overpass),syntax+dns+mx_pass,"Hello Success Academy East Flatbush Middle School Team,\n\nI hope you are doing well. My name is Maya, and I support outreach and partnerships for Open Goal Soccer.\n\nI’m reaching out to share a community program that may be a helpful referral option for families you support.\n\nOpen Goal Soccer provides structured, low-pressure soccer sessions for neurodivergent youth, including autistic children. Our focus is movement confidence, social participation, and consistency in a supportive environment.\n\nOpen Goal Soccer is a proven OPWDD support provider, delivering structured, family-centered programming for neurodivergent youth.\n\nLike your school community, we support the whole child and partner with families in meaningful, practical ways. Our program gives families a safe, welcoming community setting where kids can build confidence, connection, and routine.\n\nTo help families get started, we currently offer promo code WELCOME10 at registration.\n\nOpen Goal Soccer is a community-based participation program. We are not a clinical diagnosis or medical treatment provider.\n\nIf helpful, families can learn more at https://www.opengoalsoccer.com/ or contact us directly at ops@opengoalsoccer.com.\n\nThank you for supporting children and families in your community.\n\nBest,\nMaya\nOpen Goal Soccer",,,unresolved_no_reliable_person_name_found,,Fit
Hannah Kroner School Of Dance,,School,10.19,hkdancestudioli@gmail.com,+1-516-484-5430,,School Social Worker,OpenStreetMap (Overpass),syntax+dns+mx_pass,"Hello Hannah Kroner School Of Dance Team,\n\nI hope you are doing well. My name is Maya, and I support outreach and partnerships for Open Goal Soccer.\n\nI’m reaching out to share a community program that may be a helpful referral option for families you support.\n\nOpen Goal Soccer provides structured, low-pressure soccer sessions for neurodivergent youth, including autistic children. Our focus is movement confidence, social participation, and consistency in a supportive environment.\n\nOpen Goal Soccer is a proven OPWDD support provider, delivering structured, family-centered programming for neurodivergent youth.\n\nLike your school community, we support the whole child and partner with families in meaningful, practical ways. Our program gives families a safe, welcoming community setting where kids can build confidence, connection, and routine.\n\nTo help families get started, we currently offer promo code WELCOME10 at registration.\n\nOpen Goal Soccer is a community-based participation program. We are not a clinical diagnosis or medical treatment provider.\n\nIf helpful, families can learn more at https://www.opengoalsoccer.com/ or contact us directly at ops@opengoalsoccer.com.\n\nThank you for supporting children and families in your community.\n\nBest,\nMaya\nOpen Goal Soccer",,,unresolved_no_reliable_person_name_found,,Fit
Preschool of America,,School,6.27,emims@preschoolofamerica.us,+1 212-987-3700,http://www.preschoolofamerica.us,School Social Worker,OpenStreetMap (Overpass),syntax_only_unverified,"Hello Preschool of America Team,\n\nI hope you are doing well. My name is Maya, and I support outreach and partnerships for Open Goal Soccer.\n\nI’m reaching out to share a community program that may be a helpful referral option for families you support.\n\nOpen Goal Soccer provides structured, low-pressure soccer sessions for neurodivergent youth, including autistic children. Our focus is movement confidence, social participation, and consistency in a supportive environment.\n\nOpen Goal Soccer is a proven OPWDD support provider, delivering structured, family-centered programming for neurodivergent youth.\n\nLike your school community, we support the whole child and partner with families in meaningful, practical ways. Our program gives families a safe, welcoming community setting where kids can build confidence, connection, and routine.\n\nTo help families get started, we currently offer promo code WELCOME10 at registration.\n\nOpen Goal Soccer is a community-based participation program. We are not a clinical diagnosis or medical treatment provider.\n\nIf helpful, families can learn more at https://www.opengoalsoccer.com/ or contact us directly at ops@opengoalsoccer.com.\n\nThank you for supporting children and families in your community.\n\nBest,\nMaya\nOpen Goal Soccer",,,,,Fit
Manhattan Country School,,School,7.45,mcs@manhattancountryshool.org,+1 212-348-0952,https://www.manhattancountryschool.org/,School Social Worker,OpenStreetMap (Overpass),syntax_only_unverified,"Hello Manhattan Country School Team,\n\nI hope you are doing well. My name is Maya, and I support outreach and partnerships for Open Goal Soccer.\n\nI’m reaching out to share a community program that may be a helpful referral option for families you support.\n\nOpen Goal Soccer provides structured, low-pressure soccer sessions for neurodivergent youth, including autistic children. Our focus is movement confidence, social participation, and consistency in a supportive environment.\n\nOpen Goal Soccer is a proven OPWDD support provider, delivering structured, family-centered programming for neurodivergent youth.\n\nLike your school community, we support the whole child and partner with families in meaningful, practical ways. Our program gives families a safe, welcoming community setting where kids can build confidence, connection, and routine.\n\nTo help families get started, we currently offer promo code WELCOME10 at registration.\n\nOpen Goal Soccer is a community-based participation program. We are not a clinical diagnosis or medical treatment provider.\n\nIf helpful, families can learn more at https://www.opengoalsoccer.com/ or contact us directly at ops@opengoalsoccer.com.\n\nThank you for supporting children and families in your community.\n\nBest,\nMaya\nOpen Goal Soccer",,,,,Fit
Margaret Tietz Nursing and Rehabilitation Center,,Support Organization,3.18,info@margarettietz.org,+1-718-298-7800,https://margarettietz.org,Program Intake Coordinator,OpenStreetMap (Overpass),syntax_only_unverified,"Hello Margaret Tietz Nursing and Rehabilitation Center Team,\n\nI hope you are doing well. My name is Maya, and I support outreach and partnerships for Open Goal Soccer.\n\nI’m reaching out to share a community program that may be a helpful referral option for families you support.\n\nOpen Goal Soccer provides structured, low-pressure soccer sessions for neurodivergent youth, including autistic children. Our focus is movement confidence, social participation, and consistency in a supportive environment.\n\nOpen Goal Soccer is a proven OPWDD support provider, delivering structured, family-centered programming for neurodivergent youth.\n\nLike your team, we support families who are looking for practical, consistent, and compassionate options for their children. Our program gives families a safe, welcoming community setting where kids can build confidence, connection, and routine.\n\nTo help families get started, we currently offer promo code WELCOME10 at registration.\n\nOpen Goal Soccer is a community-based participation program. We are not a clinical diagnosis or medical treatment provider.\n\nIf helpful, families can learn more at https://www.opengoalsoccer.com/ or contact us directly at ops@opengoalsoccer.com.\n\nThank you for supporting children and families in your community.\n\nBest,\nMaya\nOpen Goal Soccer",,,,,Fit
DHCare Home Care Agency,,Support Organization,3.73,info@dhcareny.com,+1-718-459-0180,,Program Intake Coordinator,OpenStreetMap (Overpass),syntax_only_unverified,"Hello DHCare Home Care Agency Team,\n\nI hope you are doing well. My name is Maya, and I support outreach and partnerships for Open Goal Soccer.\n\nI’m reaching out to share a community program that may be a helpful referral option for families you support.\n\nOpen Goal Soccer provides structured, low-pressure soccer sessions for neurodivergent youth, including autistic children. Our focus is movement confidence, social participation, and consistency in a supportive environment.\n\nOpen Goal Soccer is a proven OPWDD support provider, delivering structured, family-centered programming for neurodivergent youth.\n\nLike your team, we support families who are looking for practical, consistent, and compassionate options for their children. Our program gives families a safe, welcoming community setting where kids can build confidence, connection, and routine.\n\nTo help families get started, we currently offer promo code WELCOME10 at registration.\n\nOpen Goal Soccer is a community-based participation program. We are not a clinical diagnosis or medical treatment provider.\n\nIf helpful, families can learn more at https://www.opengoalsoccer.com/ or contact us directly at ops@opengoalsoccer.com.\n\nThank you for supporting children and families in your community.\n\nBest,\nMaya\nOpen Goal Soccer",,,,,Fit
Little Peoples Playhouse 2 LLC,,Support Organization,4.31,LilPeoplesPlayhouse@gmail.com,+1-347-208-5804,http://littlepeoplesplayhouse.org/,Program Intake Coordinator,OpenStreetMap (Overpass),syntax_only_unverified,"Hello Little Peoples Playhouse 2 LLC Team,\n\nI hope you are doing well. My name is Maya, and I support outreach and partnerships for Open Goal Soccer.\n\nI’m reaching out to share a community program that may be a helpful referral option for families you support.\n\nOpen Goal Soccer provides structured, low-pressure soccer sessions for neurodivergent youth, including autistic children. Our focus is movement confidence, social participation, and consistency in a supportive environment.\n\nOpen Goal Soccer is a proven OPWDD support provider, delivering structured, family-centered programming for neurodivergent youth.\n\nLike your team, we support families who are looking for practical, consistent, and compassionate options for their children. Our program gives families a safe, welcoming community setting where kids can build confidence, connection, and routine.\n\nTo help families get started, we currently offer promo code WELCOME10 at registration.\n\nOpen Goal Soccer is a community-based participation program. We are not a clinical diagnosis or medical treatment provider.\n\nIf helpful, families can learn more at https://www.opengoalsoccer.com/ or contact us directly at ops@opengoalsoccer.com.\n\nThank you for supporting children and families in your community.\n\nBest,\nMaya\nOpen Goal Soccer",,,,,Fit
NY Common Pantry,,Support Organization,6.5,Communications@NYCommonPantry.org,+1 917-720-9700,https://nycommonpantry.org,Program Intake Coordinator,OpenStreetMap (Overpass),syntax_only_unverified,"Hello NY Common Pantry Team,\n\nI hope you are doing well. My name is Maya, and I support outreach and partnerships for Open Goal Soccer.\n\nI’m reaching out to share a community program that may be a helpful referral option for families you support.\n\nOpen Goal Soccer provides structured, low-pressure soccer sessions for neurodivergent youth, including autistic children. Our focus is movement confidence, social participation, and consistency in a supportive environment.\n\nOpen Goal Soccer is a proven OPWDD support provider, delivering structured, family-centered programming for neurodivergent youth.\n\nLike your team, we support families who are looking for practical, consistent, and compassionate options for their children. Our program gives families a safe, welcoming community setting where kids can build confidence, connection, and routine.\n\nTo help families get started, we currently offer promo code WELCOME10 at registration.\n\nOpen Goal Soccer is a community-based participation program. We are not a clinical diagnosis or medical treatment provider.\n\nIf helpful, families can learn more at https://www.opengoalsoccer.com/ or contact us directly at ops@opengoalsoccer.com.\n\nThank you for supporting children and families in your community.\n\nBest,\nMaya\nOpen Goal Soccer",,,,,Fit
VIVA EVE: Fibroid Treatment Specialists,,Medical,1.16,patientcare@vivaeve.com,+1-718-269-4990,https://vivaeve.com,Pediatric Intake Coordinator,OpenStreetMap (Overpass),syntax_only_unverified,"Hello VIVA EVE: Fibroid Treatment Specialists Team,\n\nI hope you are doing well. My name is Maya, and I support outreach and partnerships for Open Goal Soccer.\n\nI’m reaching out to share a trusted community referral option for families you support.\n\nIf you come across children with special needs who may benefit from structured, low-pressure movement support, Open Goal Soccer is a proven OPWDD support provider we’d be happy to share with your families.\n\nOur program serves neurodivergent youth, including autistic children, with sessions focused on movement confidence, social participation, and consistency in a supportive environment.\n\nTo help families get started, we currently offer promo code WELCOME10 at registration.\n\nOpen Goal Soccer is a community-based participation program. We are not a clinical diagnosis or medical treatment provider.\n\nIf helpful, families can learn more at https://www.opengoalsoccer.com/ or contact us directly at ops@opengoalsoccer.com.\n\nThank you for the care you provide to children and families in your community.\n\nBest,\nMaya\nOpen Goal Soccer",,,,,Fit
Suboxone Treatment Clinic,,Medical,1.7,info@suboxonetreatmentclinicnyc.com,+1-212-224-9545,https://www.suboxonetreatmentclinicnyc.com,Pediatric Intake Coordinator,OpenStreetMap (Overpass),syntax_only_unverified,"Hello Suboxone Treatment Clinic Team,\n\nI hope you are doing well. My name is Maya, and I support outreach and partnerships for Open Goal Soccer.\n\nI’m reaching out to share a trusted community referral option for families you support.\n\nIf you come across children with special needs who may benefit from structured, low-pressure movement support, Open Goal Soccer is a proven OPWDD support provider we’d be happy to share with your families.\n\nOur program serves neurodivergent youth, including autistic children, with sessions focused on movement confidence, social participation, and consistency in a supportive environment.\n\nTo help families get started, we currently offer promo code WELCOME10 at registration.\n\nOpen Goal Soccer is a community-based participation program. We are not a clinical diagnosis or medical treatment provider.\n\nIf helpful, families can learn more at https://www.opengoalsoccer.com/ or contact us directly at ops@opengoalsoccer.com.\n\nThank you for the care you provide to children and families in your community.\n\nBest,\nMaya\nOpen Goal Soccer",,,,,Fit
Suboxone Treatment Clinic,,Medical,5.96,info@suboxonetreatmentclinicnyc.com,+1-212-224-9545,https://www.suboxonetreatmentclinicnyc.com,Pediatric Intake Coordinator,OpenStreetMap (Overpass),syntax_only_unverified,"Hello Suboxone Treatment Clinic Team,\n\nI hope you are doing well. My name is Maya, and I support outreach and partnerships for Open Goal Soccer.\n\nI’m reaching out to share a trusted community referral option for families you support.\n\nIf you come across children with special needs who may benefit from structured, low-pressure movement support, Open Goal Soccer is a proven OPWDD support provider we’d be happy to share with your families.\n\nOur program serves neurodivergent youth, including autistic children, with sessions focused on movement confidence, social participation, and consistency in a supportive environment.\n\nTo help families get started, we currently offer promo code WELCOME10 at registration.\n\nOpen Goal Soccer is a community-based participation program. We are not a clinical diagnosis or medical treatment provider.\n\nIf helpful, families can learn more at https://www.opengoalsoccer.com/ or contact us directly at ops@opengoalsoccer.com.\n\nThank you for the care you provide to children and families in your community.\n\nBest,\nMaya\nOpen Goal Soccer",,,,,Fit
Dr. Nabeel Chaudhary,,Medical,6.45,info@manhattanprimarycaredoctorsnyc.com,+1-212-389-9929,https://www.manhattanprimarycaredoctorsnyc.com,Pediatric Intake Coordinator,OpenStreetMap (Overpass),syntax_only_unverified,"Hello Dr. Nabeel Chaudhary Team,\n\nI hope you are doing well. My name is Maya, and I support outreach and partnerships for Open Goal Soccer.\n\nI’m reaching out to share a trusted community referral option for families you support.\n\nIf you come across children with special needs who may benefit from structured, low-pressure movement support, Open Goal Soccer is a proven OPWDD support provider we’d be happy to share with your families.\n\nOur program serves neurodivergent youth, including autistic children, with sessions focused on movement confidence, social participation, and consistency in a supportive environment.\n\nTo help families get started, we currently offer promo code WELCOME10 at registration.\n\nOpen Goal Soccer is a community-based participation program. We are not a clinical diagnosis or medical treatment provider.\n\nIf helpful, families can learn more at https://www.opengoalsoccer.com/ or contact us directly at ops@opengoalsoccer.com.\n\nThank you for the care you provide to children and families in your community.\n\nBest,\nMaya\nOpen Goal Soccer",,,,,Fit
Physical Therapy of Harlem,,Medical,6.59,PTharlem@ptharlem.com,+1 212-996-3303,ptharlem.com,Pediatric Intake Coordinator,OpenStreetMap (Overpass),syntax_only_unverified,"Hello Physical Therapy of Harlem Team,\n\nI hope you are doing well. My name is Maya, and I support outreach and partnerships for Open Goal Soccer.\n\nI’m reaching out to share a trusted community referral option for families you support.\n\nIf you come across children with special needs who may benefit from structured, low-pressure movement support, Open Goal Soccer is a proven OPWDD support provider we’d be happy to share with your families.\n\nOur program serves neurodivergent youth, including autistic children, with sessions focused on movement confidence, social participation, and consistency in a supportive environment.\n\nTo help families get started, we currently offer promo code WELCOME10 at registration.\n\nOpen Goal Soccer is a community-based participation program. We are not a clinical diagnosis or medical treatment provider.\n\nIf helpful, families can learn more at https://www.opengoalsoccer.com/ or contact us directly at ops@opengoalsoccer.com.\n\nThank you for the care you provide to children and families in your community.\n\nBest,\nMaya\nOpen Goal Soccer",,,,,Fit
"Dr. Lawrence A. Yannuzzi, MD",,Medical,6.7,mail@vrmny.com,+1-212-861-9797,https://www.vrmny.com/,Pediatric Intake Coordinator,OpenStreetMap (Overpass),syntax_only_unverified,"Hello Dr. Lawrence A. Yannuzzi, MD Team,\n\nI hope you are doing well. My name is Maya, and I support outreach and partnerships for Open Goal Soccer.\n\nI’m reaching out to share a trusted community referral option for families you support.\n\nIf you come across children with special needs who may benefit from structured, low-pressure movement support, Open Goal Soccer is a proven OPWDD support provider we’d be happy to share with your families.\n\nOur program serves neurodivergent youth, including autistic children, with sessions focused on movement confidence, social participation, and consistency in a supportive environment.\n\nTo help families get started, we currently offer promo code WELCOME10 at registration.\n\nOpen Goal Soccer is a community-based participation program. We are not a clinical diagnosis or medical treatment provider.\n\nIf helpful, families can learn more at https://www.opengoalsoccer.com/ or contact us directly at ops@opengoalsoccer.com.\n\nThank you for the care you provide to children and families in your community.\n\nBest,\nMaya\nOpen Goal Soccer",,,,,Fit
NYC Mommy Makeover Center,,Medical,6.77,hello@mommymakeovercenternyc.com,+1 212-470-9953,https://mommymakeovercenternyc.com/,Pediatric Intake Coordinator,OpenStreetMap (Overpass),syntax_only_unverified,"Hello NYC Mommy Makeover Center Team,\n\nI hope you are doing well. My name is Maya, and I support outreach and partnerships for Open Goal Soccer.\n\nI’m reaching out to share a trusted community referral option for families you support.\n\nIf you come across children with special needs who may benefit from structured, low-pressure movement support, Open Goal Soccer is a proven OPWDD support provider we’d be happy to share with your families.\n\nOur program serves neurodivergent youth, including autistic children, with sessions focused on movement confidence, social participation, and consistency in a supportive environment.\n\nTo help families get started, we currently offer promo code WELCOME10 at registration.\n\nOpen Goal Soccer is a community-based participation program. We are not a clinical diagnosis or medical treatment provider.\n\nIf helpful, families can learn more at https://www.opengoalsoccer.com/ or contact us directly at ops@opengoalsoccer.com.\n\nThank you for the care you provide to children and families in your community.\n\nBest,\nMaya\nOpen Goal Soccer",,,,,Fit
NJ Spine & Orthopedic,,Medical,7.27,info@njspineandortho.com,+1 646-809-3755,https://www.njspineandortho.com/locations/new-york-city-ny-office/,Pediatric Intake Coordinator,OpenStreetMap (Overpass),syntax_only_unverified,"Hello NJ Spine & Orthopedic Team,\n\nI hope you are doing well. My name is Maya, and I support outreach and partnerships for Open Goal Soccer.\n\nI’m reaching out to share a trusted community referral option for families you support.\n\nIf you come across children with special needs who may benefit from structured, low-pressure movement support, Open Goal Soccer is a proven OPWDD support provider we’d be happy to share with your families.\n\nOur program serves neurodivergent youth, including autistic children, with sessions focused on movement confidence, social participation, and consistency in a supportive environment.\n\nTo help families get started, we currently offer promo code WELCOME10 at registration.\n\nOpen Goal Soccer is a community-based participation program. We are not a clinical diagnosis or medical treatment provider.\n\nIf helpful, families can learn more at https://www.opengoalsoccer.com/ or contact us directly at ops@opengoalsoccer.com.\n\nThank you for the care you provide to children and families in your community.\n\nBest,\nMaya\nOpen Goal Soccer",,,,,Fit
Allergy & Asthma Center of Long Island,,Medical,7.39,info@allergyasthmacenterlongisland.com,+1-516-590-0593,https://www.allergyasthmacenterlongisland.com,Pediatric Intake Coordinator,OpenStreetMap (Overpass),syntax_only_unverified,"Hello Allergy & Asthma Center of Long Island Team,\n\nI hope you are doing well. My name is Maya, and I support outreach and partnerships for Open Goal Soccer.\n\nI’m reaching out to share a trusted community referral option for families you support.\n\nIf you come across children with special needs who may benefit from structured, low-pressure movement support, Open Goal Soccer is a proven OPWDD support provider we’d be happy to share with your families.\n\nOur program serves neurodivergent youth, including autistic children, with sessions focused on movement confidence, social participation, and consistency in a supportive environment.\n\nTo help families get started, we currently offer promo code WELCOME10 at registration.\n\nOpen Goal Soccer is a community-based participation program. We are not a clinical diagnosis or medical treatment provider.\n\nIf helpful, families can learn more at https://www.opengoalsoccer.com/ or contact us directly at ops@opengoalsoccer.com.\n\nThank you for the care you provide to children and families in your community.\n\nBest,\nMaya\nOpen Goal Soccer",,,,,Fit
Suboxone Treatment Clinic,,Medical,7.4,info@suboxonetreatmentclinicnyc.com,+1-212-224-9545,https://www.suboxonetreatmentclinicnyc.com,Pediatric Intake Coordinator,OpenStreetMap (Overpass),syntax_only_unverified,"Hello Suboxone Treatment Clinic Team,\n\nI hope you are doing well. My name is Maya, and I support outreach and partnerships for Open Goal Soccer.\n\nI’m reaching out to share a trusted community referral option for families you support.\n\nIf you come across children with special needs who may benefit from structured, low-pressure movement support, Open Goal Soccer is a proven OPWDD support provider we’d be happy to share with your families.\n\nOur program serves neurodivergent youth, including autistic children, with sessions focused on movement confidence, social participation, and consistency in a supportive environment.\n\nTo help families get started, we currently offer promo code WELCOME10 at registration.\n\nOpen Goal Soccer is a community-based participation program. We are not a clinical diagnosis or medical treatment provider.\n\nIf helpful, families can learn more at https://www.opengoalsoccer.com/ or contact us directly at ops@opengoalsoccer.com.\n\nThank you for the care you provide to children and families in your community.\n\nBest,\nMaya\nOpen Goal Soccer",,,,,Fit
Manhattan Eye Specialists,,Medical,7.62,help@eyedoctorophthalmologistnyc.com,+1-212-533-4821,https://www.eyedoctorophthalmologistnyc.com/,Pediatric Intake Coordinator,OpenStreetMap (Overpass),syntax_only_unverified,"Hello Manhattan Eye Specialists Team,\n\nI hope you are doing well. My name is Maya, and I support outreach and partnerships for Open Goal Soccer.\n\nI’m reaching out to share a trusted community referral option for families you support.\n\nIf you come across children with special needs who may benefit from structured, low-pressure movement support, Open Goal Soccer is a proven OPWDD support provider we’d be happy to share with your families.\n\nOur program serves neurodivergent youth, including autistic children, with sessions focused on movement confidence, social participation, and consistency in a supportive environment.\n\nTo help families get started, we currently offer promo code WELCOME10 at registration.\n\nOpen Goal Soccer is a community-based participation program. We are not a clinical diagnosis or medical treatment provider.\n\nIf helpful, families can learn more at https://www.opengoalsoccer.com/ or contact us directly at ops@opengoalsoccer.com.\n\nThank you for the care you provide to children and families in your community.\n\nBest,\nMaya\nOpen Goal Soccer",,,,,Fit
Manhattan Pain & Sports Associates,,Medical,7.63,help@painmanagementdoctornyc.com,+1-646-630-7958,https://www.painmanagementdoctornyc.com/,Pediatric Intake Coordinator,OpenStreetMap (Overpass),syntax_only_unverified,"Hello Manhattan Pain & Sports Associates Team,\n\nI hope you are doing well. My name is Maya, and I support outreach and partnerships for Open Goal Soccer.\n\nI’m reaching out to share a trusted community referral option for families you support.\n\nIf you come across children with special needs who may benefit from structured, low-pressure movement support, Open Goal Soccer is a proven OPWDD support provider we’d be happy to share with your families.\n\nOur program serves neurodivergent youth, including autistic children, with sessions focused on movement confidence, social participation, and consistency in a supportive environment.\n\nTo help families get started, we currently offer promo code WELCOME10 at registration.\n\nOpen Goal Soccer is a community-based participation program. We are not a clinical diagnosis or medical treatment provider.\n\nIf helpful, families can learn more at https://www.opengoalsoccer.com/ or contact us directly at ops@opengoalsoccer.com.\n\nThank you for the care you provide to children and families in your community.\n\nBest,\nMaya\nOpen Goal Soccer",,,,,Fit
Manhattan Primary Care,,Medical,7.63,info@manhattanprimarycaredoctorsnyc.com,+1-212-389-1877,https://www.manhattanprimarycaredoctorsnyc.com,Pediatric Intake Coordinator,OpenStreetMap (Overpass),syntax_only_unverified,"Hello Manhattan Primary Care Team,\n\nI hope you are doing well. My name is Maya, and I support outreach and partnerships for Open Goal Soccer.\n\nI’m reaching out to share a trusted community referral option for families you support.\n\nIf you come across children with special needs who may benefit from structured, low-pressure movement support, Open Goal Soccer is a proven OPWDD support provider we’d be happy to share with your families.\n\nOur program serves neurodivergent youth, including autistic children, with sessions focused on movement confidence, social participation, and consistency in a supportive environment.\n\nTo help families get started, we currently offer promo code WELCOME10 at registration.\n\nOpen Goal Soccer is a community-based participation program. We are not a clinical diagnosis or medical treatment provider.\n\nIf helpful, families can learn more at https://www.opengoalsoccer.com/ or contact us directly at ops@opengoalsoccer.com.\n\nThank you for the care you provide to children and families in your community.\n\nBest,\nMaya\nOpen Goal Soccer",,,,,Fit
Dr. Nabeel Chaudhary,,Medical,8.09,info@manhattanprimarycaredoctorsnyc.com,+1-212-378-9987,https://www.manhattanprimarycaredoctorsnyc.com,Pediatric Intake Coordinator,OpenStreetMap (Overpass),syntax_only_unverified,"Hello Dr. Nabeel Chaudhary Team,\n\nI hope you are doing well. My name is Maya, and I support outreach and partnerships for Open Goal Soccer.\n\nI’m reaching out to share a trusted community referral option for families you support.\n\nIf you come across children with special needs who may benefit from structured, low-pressure movement support, Open Goal Soccer is a proven OPWDD support provider we’d be happy to share with your families.\n\nOur program serves neurodivergent youth, including autistic children, with sessions focused on movement confidence, social participation, and consistency in a supportive environment.\n\nTo help families get started, we currently offer promo code WELCOME10 at registration.\n\nOpen Goal Soccer is a community-based participation program. We are not a clinical diagnosis or medical treatment provider.\n\nIf helpful, families can learn more at https://www.opengoalsoccer.com/ or contact us directly at ops@opengoalsoccer.com.\n\nThank you for the care you provide to children and families in your community.\n\nBest,\nMaya\nOpen Goal Soccer",,,,,Fit
181st Street Urgent Care Center,,Medical,8.34,urgentcare@ccnmedicine.com,+1 347-756-6000,https://www.urgentcare181.com/,Pediatric Intake Coordinator,OpenStreetMap (Overpass),syntax_only_unverified,"Hello 181st Street Urgent Care Center Team,\n\nI hope you are doing well. My name is Maya, and I support outreach and partnerships for Open Goal Soccer.\n\nI’m reaching out to share a trusted community referral option for families you support.\n\nIf you come across children with special needs who may benefit from structured, low-pressure movement support, Open Goal Soccer is a proven OPWDD support provider we’d be happy to share with your families.\n\nOur program serves neurodivergent youth, including autistic children, with sessions focused on movement confidence, social participation, and consistency in a supportive environment.\n\nTo help families get started, we currently offer promo code WELCOME10 at registration.\n\nOpen Goal Soccer is a community-based participation program. We are not a clinical diagnosis or medical treatment provider.\n\nIf helpful, families can learn more at https://www.opengoalsoccer.com/ or contact us directly at ops@opengoalsoccer.com.\n\nThank you for the care you provide to children and families in your community.\n\nBest,\nMaya\nOpen Goal Soccer",,,,,Fit
Centers Urgent Care of Flatbush,,Medical,10.55,comments@centersurgentcare.net,+1 718 819 6780,https://centersurgentcare.net/centers-urgent-care-of-flatbush/,Pediatric Intake Coordinator,OpenStreetMap (Overpass),syntax_only_unverified,"Hello Centers Urgent Care of Flatbush Team,\n\nI hope you are doing well. My name is Maya, and I support outreach and partnerships for Open Goal Soccer.\n\nI’m reaching out to share a trusted community referral option for families you support.\n\nIf you come across children with special needs who may benefit from structured, low-pressure movement support, Open Goal Soccer is a proven OPWDD support provider we’d be happy to share with your families.\n\nOur program serves neurodivergent youth, including autistic children, with sessions focused on movement confidence, social participation, and consistency in a supportive environment.\n\nTo help families get started, we currently offer promo code WELCOME10 at registration.\n\nOpen Goal Soccer is a community-based participation program. We are not a clinical diagnosis or medical treatment provider.\n\nIf helpful, families can learn more at https://www.opengoalsoccer.com/ or contact us directly at ops@opengoalsoccer.com.\n\nThank you for the care you provide to children and families in your community.\n\nBest,\nMaya\nOpen Goal Soccer",,,,,Fit
Life Mod,,Medical,10.65,info@lifemod.com,+1 855 710 5433,https://www.lifemod.com/,Pediatric Intake Coordinator,OpenStreetMap (Overpass),syntax_only_unverified,"Hello Life Mod Team,\n\nI hope you are doing well. My name is Maya, and I support outreach and partnerships for Open Goal Soccer.\n\nI’m reaching out to share a trusted community referral option for families you support.\n\nIf you come across children with special needs who may benefit from structured, low-pressure movement support, Open Goal Soccer is a proven OPWDD support provider we’d be happy to share with your families.\n\nOur program serves neurodivergent youth, including autistic children, with sessions focused on movement confidence, social participation, and consistency in a supportive environment.\n\nTo help families get started, we currently offer promo code WELCOME10 at registration.\n\nOpen Goal Soccer is a community-based participation program. We are not a clinical diagnosis or medical treatment provider.\n\nIf helpful, families can learn more at https://www.opengoalsoccer.com/ or contact us directly at ops@opengoalsoccer.com.\n\nThank you for the care you provide to children and families in your community.\n\nBest,\nMaya\nOpen Goal Soccer",,,,,Fit
Brooklyn Surgery Center,,Medical,11.71,info@brooklynsurgerycenter.com,+1 718-259-4272,https://brooklynsurgerycenter.com/,Pediatric Intake Coordinator,OpenStreetMap (Overpass),syntax_only_unverified,"Hello Brooklyn Surgery Center Team,\n\nI hope you are doing well. My name is Maya, and I support outreach and partnerships for Open Goal Soccer.\n\nI’m reaching out to share a trusted community referral option for families you support.\n\nIf you come across children with special needs who may benefit from structured, low-pressure movement support, Open Goal Soccer is a proven OPWDD support provider we’d be happy to share with your families.\n\nOur program serves neurodivergent youth, including autistic children, with sessions focused on movement confidence, social participation, and consistency in a supportive environment.\n\nTo help families get started, we currently offer promo code WELCOME10 at registration.\n\nOpen Goal Soccer is a community-based participation program. We are not a clinical diagnosis or medical treatment provider.\n\nIf helpful, families can learn more at https://www.opengoalsoccer.com/ or contact us directly at ops@opengoalsoccer.com.\n\nThank you for the care you provide to children and families in your community.\n\nBest,\nMaya\nOpen Goal Soccer",,,,,Fit
